BeneficiaryID,ProjectID,FeedbackDate,Feedback
574,6,2021-11-23,I am grateful for the resources provided.
421,2,2021-01-10,I am grateful for the resources provided.
484,6,2022-05-15,The project was very helpful and informative.
262,9,2024-06-06,I am grateful for the resources provided.
266,6,2022-07-25,Thank you for the opportunity to participate.
56,6,2022-05-10,The activities were well-organized and engaging.
38,6,2022-02-03,I am grateful for the resources provided.
308,7,2022-09-09,I am grateful for the resources provided.
67,8,2022-05-24,The activities were well-organized and engaging.
172,2,2022-05-20,Excellent community outreach and support.
434,6,2022-02-15,I am grateful for the resources provided.
389,5,2024-06-27,I appreciate the support and resources provided.
501,3,2022-08-10,The team was very supportive and professional.
597,6,2022-05-03,Excellent community outreach and support.
130,4,2024-12-06,I gained valuable knowledge and skills.
459,4,2024-01-02,I appreciate the support and resources provided.
407,5,2023-06-12,The project was well-executed and impactful.
573,3,2023-04-09,The project improved my quality of life.
307,4,2023-04-08,The project improved my quality of life.
440,8,2024-10-18,The activities were well-organized and engaging.
547,5,2024-08-03,I gained valuable knowledge and skills.
294,10,2024-04-04,Excellent community outreach and support.
284,5,2024-10-11,I am grateful for the resources provided.
307,7,2024-08-10,The project improved my quality of life.
534,7,2024-05-25,The activities were well-organized and engaging.
227,6,2021-11-27,I am grateful for the resources provided.
261,7,2024-06-11,The project was well-executed and impactful.
408,10,2023-12-25,The team was very supportive and professional.
377,7,2022-10-30,Thank you for the opportunity to participate.
435,10,2023-11-21,I appreciate the support and resources provided.
420,6,2022-11-20,I am grateful for the resources provided.
222,5,2023-08-17,I appreciate the support and resources provided.
118,4,2024-06-19,Thank you for the opportunity to participate.
381,1,2021-08-24,The activities were well-organized and engaging.
311,7,2022-11-13,Excellent community outreach and support.
512,4,2024-05-04,Thank you for the opportunity to participate.
106,6,2021-12-17,I gained valuable knowledge and skills.
594,7,2024-12-03,I gained valuable knowledge and skills.
561,8,2022-12-16,The project was well-executed and impactful.
372,9,2023-10-02,I am grateful for the resources provided.
23,10,2024-09-01,The project improved my quality of life.
386,7,2022-12-21,Thank you for the opportunity to participate.
390,2,2023-04-11,I gained valuable knowledge and skills.
282,6,2022-12-01,The project improved my quality of life.
140,2,2024-06-28,Thank you for the opportunity to participate.
229,10,2024-01-16,Thank you for the opportunity to participate.
571,4,2023-11-01,Excellent community outreach and support.
332,3,2023-03-21,The project was well-executed and impactful.
20,1,2022-06-17,The team was very supportive and professional.
50,7,2024-02-26,The project was very helpful and informative.
521,2,2021-03-04,The activities were well-organized and engaging.
1,10,2024-06-24,I gained valuable knowledge and skills.
567,4,2024-12-26,Thank you for the opportunity to participate.
340,5,2024-01-26,The project was well-executed and impactful.
7,8,2022-06-29,The project was very helpful and informative.
397,4,2023-01-06,I gained valuable knowledge and skills.
79,6,2022-10-13,Thank you for the opportunity to participate.
598,5,2024-05-30,I am grateful for the resources provided.
154,3,2022-01-29,The project was well-executed and impactful.
436,1,2023-05-13,The activities were well-organized and engaging.
162,4,2023-10-06,The project improved my quality of life.
137,3,2023-05-23,The project was well-executed and impactful.
145,9,2024-08-28,The project improved my quality of life.
499,9,2024-11-11,Thank you for the opportunity to participate.
528,7,2024-10-25,The project was very helpful and informative.
400,5,2024-04-28,The activities were well-organized and engaging.
495,4,2024-08-10,Excellent community outreach and support.
359,4,2023-11-26,I appreciate the support and resources provided.
557,3,2021-10-10,The project was very helpful and informative.
90,1,2024-10-20,I appreciate the support and resources provided.
141,9,2024-03-01,The project was very helpful and informative.
14,9,2023-04-19,The activities were well-organized and engaging.
505,5,2024-08-28,The activities were well-organized and engaging.
211,2,2023-01-29,I gained valuable knowledge and skills.
362,1,2023-08-16,The project was very helpful and informative.
401,10,2024-08-01,The project was very helpful and informative.
329,10,2023-08-01,Excellent community outreach and support.
556,2,2024-09-29,I gained valuable knowledge and skills.
118,7,2024-11-25,The team was very supportive and professional.
172,9,2023-08-04,Excellent community outreach and support.
100,9,2024-09-03,The project was well-executed and impactful.
155,9,2023-08-07,The activities were well-organized and engaging.
256,5,2024-09-04,The team was very supportive and professional.
92,8,2023-01-12,I appreciate the support and resources provided.
478,4,2024-08-30,Thank you for the opportunity to participate.
405,6,2021-12-14,The project was well-executed and impactful.
556,1,2024-07-03,Thank you for the opportunity to participate.
278,9,2024-05-07,I appreciate the support and resources provided.
159,1,2023-04-06,The activities were well-organized and engaging.
124,1,2022-05-19,I am grateful for the resources provided.
310,9,2023-10-17,The project was well-executed and impactful.
286,4,2023-11-14,Excellent community outreach and support.
5,7,2024-07-21,The team was very supportive and professional.
228,4,2023-11-02,The project improved my quality of life.
138,9,2023-08-07,The project was well-executed and impactful.
160,8,2024-07-29,Excellent community outreach and support.
401,6,2022-05-09,I am grateful for the resources provided.
539,9,2024-12-12,Excellent community outreach and support.
329,9,2024-10-24,Excellent community outreach and support.
65,6,2021-11-29,The team was very supportive and professional.
