BeneficiaryID,FirstName,LastName,Email,DOB,Gender,IncomeLevel,FamilySize,Address
1,Aaron,Brown,christopher55@example.com,1971-05-05,Female,Low,10,"283 Miller Falls
New Chelsea, NC 91494"
2,Rachel,Myers,beanryan@example.com,1989-04-05,Other,High,10,"3295 Jennifer Tunnel
Brownside, MS 14590"
3,Kathy,Cox,jonathanmurray@example.net,1975-09-04,Female,High,1,"341 Jeffrey Ranch Apt. 361
Andersonberg, OH 05567"
4,Angela,Fox,zgallegos@example.net,2003-05-28,Male,Medium,1,"78432 Davenport Forges
Lake Larrybury, GA 31452"
5,Tamara,Sandoval,stephaniebrewer@example.com,1993-08-25,Male,Medium,3,"2546 Werner Cove Apt. 310
Port Jennaside, FM 96703"
6,Danny,Fisher,vanessa43@example.net,1983-04-27,Male,Medium,7,"20895 Danielle Trail Apt. 682
Davidsonport, PA 45148"
7,Leslie,Crosby,qgreene@example.com,1992-07-15,Male,Low,10,"7290 Bishop Port Suite 111
West Patrick, LA 73798"
8,Scott,Morgan,timothyknight@example.org,1997-06-07,Female,Low,7,"5849 Henderson Extensions
Thompsonland, SD 70883"
9,Holly,Mcgee,brandon18@example.net,1992-09-06,Other,Medium,6,"068 Lara Turnpike
New Christieland, LA 94730"
10,James,Scott,timothycastillo@example.org,1998-10-12,Other,Low,1,"PSC 9677, Box 6604
APO AE 19963"
11,Jacqueline,Kirk,kroberts@example.org,1984-09-18,Female,Medium,1,"Unit 9337 Box 2508
DPO AA 41981"
12,Melissa,Johnson,james56@example.org,1988-03-25,Male,Medium,10,"2210 Breanna Pass
Oneillburgh, IN 74518"
13,Cassandra,Morgan,andrehernandez@example.net,1998-07-27,Female,Low,3,"3609 Debra Motorway
East Laurenburgh, NE 94361"
14,Chad,Parrish,vmorris@example.org,2000-07-11,Female,High,8,"181 Philip Dale
Joycemouth, AZ 87318"
15,Frank,Guzman,oneilljohn@example.net,1989-10-11,Female,Medium,2,"66455 Sheila Green Suite 984
Port Ruben, CA 70255"
16,Jodi,Branch,hmeyer@example.net,1974-05-24,Other,Low,6,"645 Powers Court Apt. 060
Melissastad, FL 77770"
17,Kelli,Barnes,judith37@example.org,1971-09-03,Other,High,2,"365 Megan Squares Apt. 173
Cookview, DC 53581"
18,Victoria,Morales,jason61@example.org,2000-01-21,Male,High,8,"335 Watts Valley Suite 674
Murphyburgh, MH 19964"
19,Jennifer,Taylor,kimberlydavis@example.org,1996-08-18,Other,Medium,1,"458 Brooks Square Apt. 940
East Jason, VI 82461"
20,Connie,Hoover,costamichael@example.org,1993-10-06,Male,Medium,10,"17987 Thomas Junction Suite 096
East Courtney, LA 68647"
21,Paul,King,janet88@example.org,1999-06-09,Female,High,6,"2589 Thomas Manor
North Jason, AS 80493"
22,Janet,Cisneros,patrickbean@example.com,1982-09-08,Female,Medium,1,"Unit 0009 Box 0728
DPO AA 23880"
23,Wayne,Mccormick,andrew55@example.org,1988-02-08,Male,High,5,"2354 Holder Parks Suite 983
Gibsonland, OK 50531"
24,David,Stone,zacharyjohnson@example.com,2000-11-08,Female,Low,5,"6484 Horn Greens Apt. 326
Jamesmouth, DC 73296"
25,Jessica,Wilson,tiffany78@example.org,1999-04-30,Male,Low,5,"USNS Reilly
FPO AA 57569"
26,Sharon,Harrison,ann58@example.org,1991-01-15,Female,Low,10,"802 Butler Village
Campbellmouth, PA 08707"
27,David,Johnson,cochranelizabeth@example.com,2000-08-22,Female,Low,8,"PSC 8646, Box 3973
APO AE 26189"
28,Amy,Shaffer,yrusso@example.org,1973-05-23,Female,Low,8,"691 Webb Turnpike Apt. 831
North John, WI 66855"
29,Connor,Thomas,daviskyle@example.net,1971-08-11,Male,High,7,"74464 Christie Mission
New Sarahland, CA 65111"
30,Ryan,Clark,sbryant@example.com,1977-11-20,Female,Medium,6,"890 Monica Summit
East Lisa, MD 81730"
31,Kevin,Ryan,mparker@example.com,1970-02-26,Female,Low,3,"876 Matthew Skyway Apt. 281
Toddhaven, SC 49503"
32,Randall,Li,laneaaron@example.com,1984-07-08,Male,Low,2,"7663 Smith Ways Apt. 480
New Zacharystad, KY 87012"
33,Derrick,Scott,karen61@example.net,1999-02-06,Female,Medium,7,"3523 Hall Burgs Suite 021
Sarahbury, NJ 04717"
34,Joseph,Hunter,erin92@example.com,2004-06-17,Female,Low,6,"50727 Danielle Brook Apt. 832
Lopezside, DC 58209"
35,Ashley,Bailey,ggoodwin@example.com,2003-12-10,Female,Medium,5,"382 Evans Summit Apt. 616
Nathanielland, MN 57131"
36,Omar,Singh,brojas@example.net,1975-08-30,Male,High,10,"410 Leslie Oval Suite 720
Robinmouth, WI 86074"
37,Madeline,Hernandez,jacquelinejacobs@example.org,1982-09-09,Female,Low,4,"35584 Lane Overpass
North Juliafort, MI 01958"
38,Jeffrey,Reynolds,smoore@example.org,1983-07-06,Male,Low,6,"412 John Passage
South Brianshire, CT 95237"
39,Felicia,Miller,annettebullock@example.org,1991-09-28,Female,Medium,4,"PSC 7435, Box 5361
APO AA 68804"
40,Mark,Morris,charlesschmidt@example.net,1977-06-19,Male,Low,4,"520 Ramirez Shore Suite 218
Macdonaldhaven, DE 95766"
41,Paul,Thompson,nelsonamanda@example.com,1990-06-01,Female,Medium,5,"442 Gregory Rapids Suite 399
New Patricia, AS 76626"
42,Samantha,Lucas,nicolelopez@example.net,1977-11-20,Female,High,10,"835 Drake Springs Suite 575
South Dianaland, GU 46412"
43,Sean,Gregory,kmosley@example.org,1979-12-17,Male,High,6,"3689 Noah Parkways Suite 880
Port Leon, IA 97854"
44,Kevin,Yang,timothy51@example.com,1997-12-12,Female,Medium,10,"02919 Lucas Squares Suite 617
Marisaview, VI 76261"
45,Jennifer,Stewart,greencurtis@example.net,1975-05-07,Male,Low,7,"399 Jessica Summit
Kristihaven, SC 74672"
46,Robert,Steele,aparker@example.com,1985-06-17,Male,High,8,"886 Kim Pine Apt. 121
North Nicolebury, VA 71878"
47,Ryan,Davis,amyhester@example.org,2000-04-07,Male,Low,10,"7088 Barnett Branch
Heatherberg, VI 34579"
48,Kevin,Hudson,elizabethcameron@example.org,1990-03-20,Other,Medium,5,"0847 Weaver Forks
New Ericbury, MS 41100"
49,Robert,Orozco,zmerritt@example.net,1982-03-01,Female,High,5,"46554 Mcgee Trace Suite 735
Barronchester, GA 56939"
50,Elijah,Williams,christian34@example.org,1998-01-17,Other,Low,10,"USNS Cunningham
FPO AA 88440"
51,Timothy,Sandoval,gregoryjack@example.org,1994-07-19,Other,Medium,3,"7427 Caitlin Well Suite 106
Beckytown, MA 28773"
52,Janice,Golden,dwheeler@example.net,1990-04-10,Female,High,6,"5706 Robinson Lodge
East Alisonview, MD 68171"
53,Monica,Kim,rachel47@example.org,1988-02-07,Other,High,3,"461 Lawson Squares Suite 168
Baileybury, AZ 77733"
54,Robert,Murphy,ryanturner@example.net,1984-12-14,Other,Low,6,"3409 Williams Shore
West Sarah, OH 82475"
55,Roberto,Smith,arnoldcasey@example.com,1975-08-14,Female,High,4,"639 Johnston Route
North Richardmouth, ID 99887"
56,John,Roberts,linda52@example.org,1983-05-29,Other,High,4,"13325 Perez Crest
New Joseph, DE 01013"
57,Tara,Berry,richardsondaniel@example.org,1991-03-22,Female,High,4,"8659 Derrick Meadows Apt. 073
Rodriguezton, LA 27173"
58,Joseph,Thompson,angela27@example.org,1980-01-26,Male,Low,10,"488 Taylor Springs Apt. 786
Dennisfort, NC 89813"
59,Laura,Garza,melissafritz@example.com,1993-07-30,Other,Low,7,"21204 Delgado Burgs
West Sharon, SD 87194"
60,Jason,Gonzalez,bryantlauren@example.net,1976-08-27,Other,Medium,5,"7033 David Plaza
Donaldshire, NH 96744"
61,Eric,Thomas,sabrina94@example.com,1981-05-27,Other,High,5,"377 Jeffrey Street Apt. 507
West Reneeview, MT 37975"
62,Jeremy,Peterson,thernandez@example.org,2003-02-15,Male,Medium,5,"USCGC Alexander
FPO AP 92977"
63,Marie,Stewart,watersmelissa@example.com,1997-04-05,Male,Low,3,"319 Gary Track Apt. 975
Lake Edwinstad, PW 06628"
64,Barry,Smith,karinoble@example.org,1977-06-02,Other,Medium,1,"483 Wayne Estates
Barajasburgh, KS 29660"
65,Brandy,Andrade,clarkrick@example.net,1988-07-09,Other,Low,2,"622 Douglas Corner
North Bernard, VI 25167"
66,Sheena,Tucker,rlozano@example.com,1981-07-31,Male,Low,10,"49055 Breanna Key
Gregoryberg, NE 39885"
67,Douglas,Osborne,boydtiffany@example.net,1979-02-21,Other,High,9,"7600 Lee Turnpike Apt. 275
Sandrafort, AL 30053"
68,Megan,Vance,dorseyjacob@example.net,1989-02-06,Female,Medium,6,"96543 Christopher Brooks Apt. 157
Port Stephenburgh, AZ 45786"
69,Victor,Kelly,brandylamb@example.net,1980-11-16,Female,Low,3,"241 Monica Forge Suite 752
South Abigailview, NM 71691"
70,Meagan,Jones,garzaamanda@example.net,1999-06-03,Female,Medium,7,"4846 Zachary Track
Joneston, MA 81876"
71,Faith,Rice,julie23@example.net,1991-12-22,Other,Medium,7,"99394 Chad Mountains Suite 571
New Maria, IN 31429"
72,Jennifer,Edwards,catherine26@example.com,2003-01-13,Female,Low,2,"784 Daniel Garden
Malikstad, MO 36697"
73,Sherri,Jones,lisa73@example.org,2002-08-23,Male,High,6,"25717 Crystal Meadow
North Robert, UT 08059"
74,Nicholas,Solis,adkinssara@example.net,1977-03-24,Female,Medium,6,"64558 Dickerson Villages
Andradeberg, VT 84631"
75,Casey,Gardner,dixonbenjamin@example.net,1975-11-11,Female,High,4,"USS Cobb
FPO AE 70053"
76,Seth,Rhodes,hugheslaura@example.org,1977-06-03,Other,High,1,"487 Murphy Park Suite 383
New Sandramouth, CO 09471"
77,Sandra,Bryan,terriperry@example.org,1988-05-04,Male,Medium,5,"08942 Miller Extension Suite 853
East Hollyview, KS 94447"
78,Corey,Dorsey,christopherdavis@example.net,1985-06-28,Female,Medium,5,"329 Lisa Village Apt. 472
Lake Danielburgh, SC 22821"
79,Chad,Sanders,penningtonjohn@example.com,1982-06-24,Male,High,8,"276 Terry Falls
Butlerport, UT 57815"
80,Brent,Hobbs,elizabethelliott@example.org,2000-03-03,Female,Medium,3,"79420 Anthony Forge Apt. 161
Kylehaven, NV 66716"
81,Patricia,Carlson,cpalmer@example.net,1984-08-03,Male,Low,9,"9340 Bradley Brook Apt. 944
Hannahtown, GA 98917"
82,Sandra,Mccoy,diaztanya@example.com,1981-04-15,Other,Low,2,"13685 Myers Tunnel Suite 755
North Antonio, KY 91348"
83,Christian,Flores,jessicaduncan@example.com,1987-01-04,Male,Medium,9,"507 Parker Junctions
Patrickborough, SC 61816"
84,Lisa,Johnson,iyates@example.org,1997-01-04,Male,High,10,"1581 Bennett Neck
Wardmouth, DE 67367"
85,Lisa,Snyder,luis14@example.org,1999-09-04,Male,High,2,"3119 Susan Plaza
New Johnhaven, NY 01039"
86,Jose,Becker,lawrencerobert@example.com,1981-02-11,Female,Medium,8,"3103 Fernando Plains Apt. 403
North Johnhaven, NH 82586"
87,Donna,Williamson,carmen38@example.com,1971-08-09,Male,High,10,"0210 Martinez Street Apt. 907
Hernandezview, PW 44367"
88,Laura,Dyer,edonovan@example.net,1976-12-28,Male,Medium,3,"5669 Garcia Mountain
Richardsonborough, NJ 06530"
89,Paige,Johns,richard73@example.net,1991-11-06,Female,Medium,4,"2228 Larry Fords Suite 679
East Michael, FL 71295"
90,Scott,Santos,qbradshaw@example.net,1979-08-25,Male,High,5,"2317 Richard Cove Suite 677
Port Julia, CO 28767"
91,Joseph,Williams,robert56@example.com,1970-12-01,Other,Low,3,"3121 Parks Trail Apt. 611
Michaeltown, OH 36521"
92,Gregory,Duffy,shodges@example.com,1991-07-20,Male,Low,9,"67487 Thompson Hollow Apt. 218
South Tyronestad, GU 27220"
93,Francisco,Jackson,slopez@example.org,1993-03-29,Female,Low,7,"7972 Melanie Fort
Henrymouth, FM 99701"
94,Melinda,Young,howelldonna@example.net,2000-09-27,Other,Low,1,"49677 Frederick Knoll
Allisonfort, ND 59764"
95,Karla,Stevens,herreraalexis@example.org,1975-02-06,Female,High,10,"22851 Turner Park Suite 991
Port Denise, PA 47778"
96,Mackenzie,Thomas,pgonzalez@example.org,1999-05-05,Other,Medium,4,"6202 Joseph Landing
Hollyview, TN 30278"
97,Andrew,Martinez,iroman@example.org,1989-10-31,Male,Medium,5,"4110 Theresa Flats Apt. 007
Ramosside, AS 95822"
98,Kristopher,Ramirez,jamesbrown@example.org,1999-12-15,Female,High,9,"090 Andrew Fields
New Stephenville, DE 78015"
99,Shelby,Gross,jennifergraham@example.com,1971-06-30,Female,High,10,"50996 Garcia Rest Suite 983
Joeland, CA 47404"
100,Matthew,West,perrydustin@example.net,1972-03-01,Female,High,9,"249 Joseph Mountain Suite 985
East Williammouth, MO 58108"
101,Denise,Daniel,jimmywaters@example.net,1993-08-03,Other,High,4,"USNS Chandler
FPO AP 56903"
102,Reginald,Booth,jeffrey83@example.net,1975-05-23,Female,Medium,7,"570 Sherry Ford
West Michael, NJ 70287"
103,Margaret,Saunders,harrisonmegan@example.com,1973-10-30,Male,Low,4,"42303 Fletcher Valleys Suite 321
East Janetfort, AZ 44377"
104,Sally,Lee,wardbradley@example.org,1997-01-02,Female,High,1,"3080 Jones Roads Apt. 715
New Robert, MP 42140"
105,Monica,Perez,chadterry@example.com,1999-06-17,Female,Low,10,"479 Jeffrey Villages
Lake Dalestad, AL 99151"
106,Alexander,Gould,ymorgan@example.net,1998-05-08,Male,Medium,6,"647 Moore Causeway Suite 954
Swansonmouth, NY 08298"
107,Justin,Clarke,david68@example.net,1981-09-08,Other,Low,2,"USS Snow
FPO AP 86716"
108,Kathleen,Diaz,elliotthenry@example.com,1974-07-19,Female,High,10,"785 Hill Divide
Victoriamouth, MD 66769"
109,Kevin,Nicholson,melissa28@example.net,1991-12-30,Male,Low,6,"542 Nichols Avenue
East Daniel, DE 35745"
110,Grace,Phillips,xclark@example.org,1979-06-29,Other,Low,5,"66882 Holmes Wells
Port Todd, PW 61742"
111,Michael,Huffman,damon63@example.com,1986-01-30,Male,High,6,"09213 Bailey Drive
New Jessicafurt, MO 70966"
112,Laura,Robinson,glennrenee@example.net,1974-05-14,Female,Medium,7,"69895 Stuart Trail Suite 984
Port Christinaport, VI 11047"
113,Dana,Warner,anthony41@example.com,1998-08-26,Female,High,7,"6320 Tanner Forges
Fostermouth, PR 99568"
114,Cynthia,Singh,daniel02@example.org,1984-09-17,Male,Low,1,"2680 Hunt Trail
Chloeport, HI 36501"
115,Cathy,Boyd,amandabond@example.net,1976-10-29,Female,Medium,9,"727 Julie Square Apt. 955
Lake Crystalfurt, IN 21529"
116,Joel,Franco,cherylmontes@example.net,1991-11-20,Other,Low,9,"0021 Carmen Plaza
Trujilloberg, MO 01375"
117,Zachary,Walton,pateljimmy@example.com,1974-06-20,Other,Low,7,"432 Reynolds Meadows
Lake Johnburgh, KS 89130"
118,Kyle,Green,kcooper@example.org,1993-07-28,Male,Low,2,"374 Lindsey Brooks
Paulfurt, RI 72449"
119,Mark,Bailey,amywalters@example.org,1983-11-10,Other,Low,4,"3436 John Creek
Lake Victorberg, CT 87488"
120,Brian,Holloway,jpotter@example.com,1980-06-21,Other,Low,9,"68224 Cooper Mills
Garciaburgh, VI 46385"
121,Melissa,Adkins,jamesschultz@example.org,1976-05-31,Male,High,10,"43389 Adams Keys Suite 811
Sheilatown, MA 46563"
122,Jill,Sims,yaguirre@example.org,1972-07-28,Female,Low,9,"5501 Reyes Pines Apt. 197
South Thomas, KS 22979"
123,Charles,Johnson,gregoryowen@example.org,1985-02-28,Other,Low,1,"8292 Middleton Pass Suite 754
North Johnshire, NE 45246"
124,Jessica,Rosales,jessica05@example.org,1996-01-20,Male,Medium,7,"15059 Casey Villages
West Gilberttown, NJ 59146"
125,Emily,Flores,murrayjason@example.net,1985-12-19,Male,Medium,7,"0617 Allen Highway Apt. 263
Lauraton, FL 58562"
126,Julie,Wilkins,sarahdavis@example.org,1979-06-25,Female,Medium,6,"08930 Farrell Summit Apt. 095
Justinmouth, VT 63179"
127,Shawn,Obrien,harrisoncharles@example.net,1974-04-25,Male,Low,4,"1586 Vazquez Plain Apt. 135
Lake Tom, MD 08368"
128,Wendy,Torres,angela25@example.org,1980-06-08,Female,High,3,"113 Alexander Tunnel
West Phillip, ME 35158"
129,Lauren,Hudson,qorr@example.org,1990-09-10,Other,Medium,8,"523 Jamie Squares Apt. 996
South Michaeltown, DC 07161"
130,Kristin,Williams,fjohnson@example.com,1977-01-01,Other,Low,1,"PSC 9449, Box 0230
APO AA 87792"
131,Nathan,Gallagher,lynnross@example.com,1987-08-24,Female,Low,7,"146 Krystal Spur
Maxwellberg, SC 67318"
132,Amanda,Wolfe,deborahbryan@example.org,1982-11-14,Male,Medium,8,"23540 Grace Island
New Donnafurt, IN 96044"
133,Jimmy,Beasley,grahamkathy@example.com,1998-02-19,Female,Medium,10,"41647 Vincent Vista Apt. 603
Keithfurt, SD 33199"
134,Amanda,Johnson,ybrown@example.net,1983-12-11,Male,Medium,6,"2814 Miller Squares
Priscillamouth, ME 78128"
135,Austin,Salas,ericwilliams@example.org,1999-05-07,Female,Medium,1,"99469 Robert Coves Suite 324
Nicholsonshire, WV 53308"
136,Lisa,Stokes,wadekari@example.com,1975-02-04,Other,Low,5,"95813 Douglas Plaza Suite 411
South Taylorton, GU 64585"
137,William,Lindsey,ashley52@example.org,1978-03-22,Female,Medium,2,"16037 Perez Lodge
Tiffanyhaven, WV 76186"
138,Jennifer,Grimes,elizabeth91@example.net,1981-08-04,Other,High,2,"0205 Bell Vista Suite 342
Larsonmouth, CT 10894"
139,David,Ferguson,rosalesdavid@example.com,1990-01-14,Other,Medium,3,"947 John Plains Suite 517
New Derrickchester, VI 96952"
140,Susan,Evans,margaret14@example.org,1983-09-10,Male,Medium,6,"8953 Antonio Way
Websterside, AS 15687"
141,Alyssa,Simmons,anna11@example.org,2001-09-15,Male,Low,8,"USNV Floyd
FPO AP 59504"
142,Angela,Hartman,pkim@example.net,1975-01-18,Female,Low,7,"6347 Philip Branch Apt. 240
North Karen, DE 67147"
143,Patricia,Davis,hthompson@example.net,1992-10-21,Other,Medium,3,"6378 White Views Suite 487
South Andreamouth, IN 88489"
144,Erin,Lara,johndavidson@example.net,1986-08-10,Other,Low,7,"196 Ford Court
Port Charles, NE 55100"
145,James,Walters,wbrennan@example.org,2004-04-13,Male,High,9,"Unit 5022 Box 6335
DPO AA 58494"
146,Daisy,Miller,andreakramer@example.net,1984-09-11,Other,Low,9,"52162 Alexander Canyon
Jacquelinemouth, DE 59278"
147,Wendy,George,jflores@example.com,2001-06-11,Male,Medium,6,"2622 Elizabeth Mall Apt. 697
Lake Anthonyburgh, OK 04060"
148,Peter,Rivera,twhite@example.net,2003-12-06,Other,Medium,6,"9570 Larsen Hills Apt. 188
Williamsfurt, MN 46837"
149,Alicia,Martinez,mgraves@example.org,1970-12-31,Male,Medium,3,"644 Franklin Shoal
New Nicole, FM 80566"
150,Robert,Weiss,harrisonjack@example.com,1972-03-20,Male,High,6,"486 Frank Plaza Suite 947
Matthewshire, FL 93936"
151,John,Murphy,phaynes@example.com,1974-03-15,Other,Low,9,"17334 Perez Crossroad Suite 702
Port Christopher, LA 40936"
152,Tanya,Salazar,davidallen@example.com,1991-08-17,Male,Medium,2,"7804 Juarez Center
Timothyburgh, DC 78343"
153,Cynthia,Cunningham,washingtonkaitlyn@example.com,1993-12-24,Male,Low,1,"29769 Kim Shoal
Langshire, NV 28197"
154,Jeremy,Jennings,romanjustin@example.org,1985-06-16,Other,Medium,10,"97276 Dennis Island
Stephenston, PW 26223"
155,Mitchell,Camacho,xtorres@example.org,1978-11-06,Other,High,3,"376 Morton Inlet
Thomaschester, HI 43730"
156,Nicholas,Kim,coxjames@example.com,1974-06-16,Male,High,8,"15638 Elizabeth Meadows
South Troy, WI 28356"
157,Veronica,Taylor,beth78@example.net,1971-06-03,Male,Medium,9,"896 Katherine Lane
Careyborough, MN 31515"
158,Dana,Leblanc,christopher72@example.net,1979-02-17,Female,Medium,6,"740 Griffin Harbors Apt. 237
North Marcusland, TN 08687"
159,Sarah,Duran,kellychurch@example.net,1978-09-24,Male,Medium,4,"539 Espinoza Shoals Apt. 127
Benjaminstad, AS 05353"
160,Maria,Johnson,pcantu@example.net,1974-11-10,Other,Medium,3,"98437 Garcia Hills
Richardhaven, NY 56746"
161,Faith,Trujillo,gmorton@example.com,1998-10-23,Other,Low,7,"11270 Miguel Common
South Kellymouth, VI 65796"
162,Eric,Matthews,deborah13@example.com,1977-10-12,Other,High,3,"541 Laurie Pass
North Jessicaview, DE 62748"
163,Marc,Cook,wongkelly@example.com,2001-04-06,Male,Low,3,"72099 Gray Squares
Chadport, AL 71161"
164,Kristy,Harmon,emanning@example.net,1974-10-26,Female,Medium,9,"5772 Stephanie Islands
Lake Andreton, OK 28657"
165,Robert,Huynh,ehickman@example.net,1995-04-11,Other,Medium,1,"10065 Hansen Street
Davidfort, GA 58145"
166,Mark,Espinoza,kathymoreno@example.com,1974-07-10,Other,Medium,3,"688 Joyce Brook
West Michelleburgh, NY 29768"
167,Peter,Sandoval,emilyhale@example.com,2002-07-21,Female,Medium,2,"8107 Cynthia Villages
Charlestown, RI 64100"
168,Jessica,Brown,justin97@example.com,2002-10-09,Female,High,9,"488 Lisa Path Suite 641
Hannahshire, ID 16519"
169,Brittany,Nelson,sellerstara@example.org,1979-05-25,Male,Medium,9,"683 Ingram Mall
Port Amy, NE 67078"
170,Alexandria,Rubio,ymonroe@example.net,1986-10-12,Female,High,5,"261 Alexander Shoals Apt. 171
Marymouth, DE 39352"
171,Scott,Weaver,howardrobert@example.net,1976-03-05,Male,High,10,"USCGC Reeves
FPO AE 48248"
172,Lisa,Parker,jonesjesse@example.com,1996-03-30,Male,Low,6,"074 Angela Hills
Stevenfort, KS 02402"
173,Robert,Garcia,bmiller@example.net,1998-11-24,Other,Medium,2,"503 Michelle Path
Lake Derrick, OK 38137"
174,Angela,King,emilymurphy@example.org,1998-02-19,Male,High,10,"07816 Zamora Garden Apt. 114
South Amandabury, MI 51962"
175,Henry,Rogers,adamstevenson@example.net,1974-10-01,Male,High,7,"2570 Cassidy Lane Apt. 878
Kempberg, AS 08897"
176,Felicia,King,mccormickbrandon@example.org,1974-12-26,Female,Low,7,"0817 Romero Springs
North Megan, TX 45316"
177,Danielle,Turner,jennifer61@example.net,1996-04-03,Male,Medium,5,"6463 Simpson Brooks
East Cherylfurt, KY 45047"
178,Martin,Jones,eric50@example.com,1993-07-28,Other,Medium,5,"270 Hunt Mountain Suite 823
Johnbury, WI 35648"
179,James,Mullins,herberthickman@example.net,1977-03-15,Male,Medium,9,"4241 Kline Fields
South Gregory, MD 50098"
180,Alejandro,Cooper,suzanne60@example.org,1972-03-24,Female,Medium,3,"5379 Gutierrez Tunnel
South Jessehaven, MA 90711"
181,Randall,Estrada,kathleen46@example.com,1997-04-02,Male,Low,9,"569 Brandon Village Suite 261
Thompsonshire, ME 19877"
182,Jane,White,michaela69@example.org,1977-02-18,Male,Medium,3,"USNV Garcia
FPO AA 51711"
183,Rachel,Reed,elizabethgarza@example.net,1982-04-14,Other,High,4,"449 Moore Manor
Kimview, IN 04879"
184,Ronald,Lopez,andersonvicki@example.org,1997-12-25,Male,High,6,"USNS Martinez
FPO AE 56178"
185,Jonathan,Weeks,wglenn@example.org,1975-10-22,Other,Medium,7,"66727 David Drive Apt. 584
Singletonmouth, DC 91364"
186,Nathan,Baxter,traceyhawkins@example.org,1987-02-11,Male,High,3,"0848 Kevin Center
Lewisside, AK 75276"
187,Mark,Hall,thomas63@example.net,1996-02-29,Male,Low,3,"Unit 3496 Box 9800
DPO AA 66114"
188,Richard,Avila,samuel24@example.com,1978-01-12,Female,Low,5,"USCGC Tate
FPO AE 25996"
189,Carol,Short,erin44@example.com,1988-02-07,Other,Medium,9,"905 Christopher Court
Walterstad, OR 85657"
190,David,Barr,amy79@example.com,1983-05-11,Other,Low,9,"83029 Bullock Rue
Colemanville, TN 49412"
191,Paula,Weber,tara36@example.com,1975-03-18,Male,Low,7,"47596 Nicolas Glen
North David, HI 36331"
192,Robin,Long,christina02@example.org,1977-06-09,Female,Low,8,"199 Christina Hollow
Williamburgh, MH 55220"
193,Kayla,Fisher,ngentry@example.net,1989-04-23,Male,Low,9,"7394 Ann Village
Hendersonland, CO 27893"
194,Edward,Barker,jenniferhansen@example.org,1978-02-22,Female,Low,7,"PSC 8520, Box 2970
APO AP 88948"
195,Amanda,Gould,richard71@example.net,1972-11-05,Other,Low,4,"52659 Garcia Mount Suite 553
Dominiqueview, GU 37422"
196,Kimberly,Potter,kimberly99@example.net,1976-11-09,Female,High,6,"44239 Madden Stravenue
Stevenville, LA 35847"
197,Megan,Franklin,ybarker@example.com,1977-03-06,Female,Medium,2,"6412 Barker Trail
Port Aaron, OR 65729"
198,Jennifer,Tyler,corey99@example.org,2001-06-24,Female,Low,3,"63346 Adrian Manor Apt. 611
Robertston, AK 37950"
199,Logan,Costa,whernandez@example.net,1977-02-09,Female,High,8,"647 Tanya Flat Apt. 524
Christopherside, FL 36338"
200,Jessica,Chen,murphydiane@example.net,2002-01-02,Female,Medium,9,"55806 Monica Keys
Autumnshire, OR 79997"
201,Andrew,Cunningham,kristopherwilliams@example.net,2004-06-21,Female,Low,10,"123 Burns Valley
Webbport, LA 03194"
202,Brooke,Oneill,timothymueller@example.com,1979-07-31,Female,Medium,1,"11865 Knight Crest
South Joseph, IL 53382"
203,Christopher,Bell,yleonard@example.com,2003-12-14,Other,Medium,4,"0923 Adrian Streets
West Craig, NM 50951"
204,Amanda,Allen,uvalenzuela@example.net,2004-01-30,Female,Medium,2,"424 Haynes Isle Apt. 537
Heatherview, MS 03230"
205,Donald,Smith,andersonjohn@example.org,1975-02-01,Female,Low,1,"9915 Courtney Crossroad Suite 610
West Michael, LA 13151"
206,Bobby,Cooper,samanthataylor@example.net,1977-04-06,Female,Low,4,"451 Schultz Walk Suite 763
Port Jamesmouth, IN 69235"
207,David,Ramsey,jasonjones@example.net,1998-05-03,Other,High,5,"534 Briana Ferry Apt. 478
Port Michaelmouth, NC 20687"
208,James,Reese,owensjohnathan@example.com,1971-12-25,Other,Low,10,"9389 Abbott Valleys Suite 464
Zacharyberg, GU 21438"
209,Patrick,Boyd,juliejohnson@example.net,1997-09-24,Other,Low,6,"49123 Evan Manors
West Chelseybury, DC 96838"
210,Terri,Arroyo,tracy07@example.com,1986-12-13,Female,High,6,"0765 Evans Expressway Suite 293
North Keithview, MD 87173"
211,Samantha,Blankenship,vsmith@example.org,1977-05-24,Other,Medium,5,"703 Tyler Wall Apt. 511
West Riley, TX 08760"
212,Barry,Franklin,fperry@example.com,1990-10-20,Other,High,5,"USS Howell
FPO AE 93814"
213,Robert,Lowe,douglas57@example.com,2003-07-23,Other,Medium,3,"632 Eric Oval Apt. 761
South Anna, NV 33215"
214,Sarah,Butler,robertskelly@example.org,1993-01-16,Male,Low,8,"21563 Weaver Shoals Apt. 415
Lake Meredith, PR 12037"
215,Daniel,Morrow,gonzalezsherry@example.com,1973-03-31,Female,Low,10,"158 Cox Avenue
Lake Richardton, MT 26257"
216,Paula,Smith,larry12@example.org,1979-09-18,Male,Medium,5,"1663 Campos Unions Apt. 688
Vincentchester, CT 18412"
217,Calvin,Morrison,david55@example.com,1991-10-25,Male,High,4,"7574 Johnson Island
New Eric, WV 86190"
218,Judith,Jenkins,garnerdebbie@example.net,2000-05-06,Other,Low,10,"4734 Robert Pines
Santoschester, AS 44590"
219,Anna,Gallagher,chall@example.com,1972-08-05,Other,Low,3,"2953 Jeffery Spurs
New Katieton, UT 26619"
220,John,Stuart,joannaholloway@example.com,1975-05-27,Female,High,3,"4045 Frank Locks
Port Jeffrey, GA 72236"
221,Maria,Swanson,stephaniemiller@example.org,1998-10-06,Male,Medium,9,"754 William Haven Suite 106
Lisaville, PA 50276"
222,James,Hill,kmorales@example.org,1997-08-20,Female,Low,3,"58682 Margaret Lights Suite 536
North Richardberg, NY 94571"
223,Bobby,Willis,hayley59@example.net,1996-10-21,Other,Medium,4,"PSC 0475, Box 0559
APO AA 43352"
224,Katrina,Roy,wlopez@example.org,1988-08-16,Female,High,1,"89537 Rivera Neck
Port Jeremy, DC 02179"
225,Stephanie,Hess,vsanders@example.net,1989-10-07,Male,Low,10,"411 Johnny Keys
Monicabury, MI 93842"
226,Jessica,Anderson,yharmon@example.com,1996-02-23,Other,Medium,4,"73583 Barbara Row Suite 114
Dunnport, OK 52640"
227,Edward,Mcdonald,xparker@example.com,1991-08-04,Female,High,9,"4233 Alexandria Heights Suite 146
North Michael, AL 69037"
228,Dustin,Foster,daniel11@example.com,1993-03-10,Male,Medium,3,"PSC 3883, Box 5588
APO AA 83839"
229,Kristen,Davis,dawn27@example.com,1974-08-23,Male,Medium,8,"USCGC Wells
FPO AE 07378"
230,Christopher,Howell,gabrielle92@example.org,1995-12-20,Male,Low,8,"PSC 5491, Box 6332
APO AA 98631"
231,Sarah,Brown,mbrown@example.net,1985-08-21,Female,Low,5,"5925 Moore Spring
Port Michaelview, IL 29331"
232,Garrett,Phillips,breynolds@example.org,1993-01-06,Male,Medium,5,"149 Chambers Springs Suite 005
East Heatherfort, NE 57005"
233,Gary,Peterson,arthur48@example.net,1992-03-23,Female,Low,2,"67570 Matthew Walks
Melendezshire, WY 39142"
234,Jason,Orr,lpark@example.org,2000-09-05,Other,Low,1,"19172 Griffin Mall
Ballardmouth, ME 13683"
235,Jessica,Schultz,jessicamartinez@example.org,1973-12-28,Other,High,2,"93931 Isabella Shoals
Lake Mary, HI 35082"
236,Melissa,Bowers,ylopez@example.net,1993-01-09,Male,Low,10,"89508 Jessica Mountains
Lake Phillipton, MT 42847"
237,William,Clark,ashleygray@example.net,1993-04-23,Female,High,7,"69369 Warner Dam
Andrewhaven, IL 22988"
238,Jeffrey,Harper,rachaelmoore@example.net,1992-12-29,Male,Medium,2,"661 Dunn Lane
Thomasmouth, ND 06624"
239,Aaron,Ford,melissa82@example.org,1993-12-23,Male,Low,5,"54139 Shane Dam
West Eduardo, DC 32592"
240,Justin,Goodwin,anthonysmith@example.com,1994-08-17,Other,Medium,8,"934 Janice Keys
Christopherport, ME 29807"
241,John,Lewis,gsloan@example.com,1981-04-23,Male,Low,2,"1342 Evans Greens Apt. 433
North Paul, FM 06530"
242,Elizabeth,Gilbert,wedwards@example.org,1994-03-23,Female,Low,9,"966 Clark Trace Apt. 274
Port Rebeccafurt, PW 90908"
243,Brett,Wright,johnsondaisy@example.com,1970-05-28,Female,Medium,4,"1995 Jesse Oval Suite 352
Montgomeryfort, WV 64582"
244,Caitlin,Ortega,saundersjames@example.com,1987-08-28,Male,High,4,"9045 Barrett Parks Suite 278
Kellybury, AK 79509"
245,Theresa,Clark,lindouglas@example.net,1994-01-13,Male,Medium,7,"0256 Watkins Ferry Apt. 484
New Kenneth, CT 51463"
246,Tara,Peterson,stephensmelissa@example.com,1970-07-28,Other,High,2,"0656 Gutierrez Cliffs Apt. 778
Bruceport, NV 09581"
247,Ryan,Goodwin,derrick21@example.net,1984-04-19,Female,Medium,5,"4322 Joseph Camp
North Davidton, NY 50942"
248,Kimberly,Johnson,kelly44@example.net,1973-05-18,Male,Low,1,"73607 Allison Flat Suite 566
West Tracy, ND 86038"
249,Danielle,Bird,matthewwilliams@example.com,1990-10-03,Female,Low,5,"3377 Hogan Turnpike
Port Christopherborough, UT 46809"
250,Joshua,Wiley,darlenejackson@example.com,1973-08-10,Male,Low,1,"USS Brady
FPO AA 39788"
251,Pamela,Knight,markbrown@example.com,1998-04-25,Male,Medium,9,"594 John Pike Apt. 880
New Timothyport, MS 17850"
252,Robert,Dyer,gonzalezstephen@example.org,1972-01-12,Female,Medium,9,"13687 Paula Corners
East Paultown, AK 97343"
253,Robert,Wright,martinezrobert@example.com,1978-08-08,Male,Medium,2,"00031 Anderson Village Apt. 688
North Maxwell, GA 10952"
254,Lisa,Cantu,cassandra78@example.net,1992-03-01,Male,High,5,"19666 Spears Camp
Lake Bryan, OR 71343"
255,Bruce,Black,carrollkatelyn@example.org,1980-04-06,Other,Medium,2,"19223 David Road
Jeffreyhaven, CA 41928"
256,Don,Bass,ramosapril@example.com,1983-11-10,Female,Medium,5,"349 Robert Terrace
Charlesfort, OK 93207"
257,Whitney,Huerta,melissaharris@example.org,1993-11-09,Male,Medium,1,"PSC 6568, Box 7070
APO AE 12639"
258,Heidi,Wall,vasquezevan@example.net,1986-06-11,Female,Medium,3,"906 Montoya Mountains
Jessebury, VT 44962"
259,Lisa,Hernandez,lucerochristopher@example.net,2000-11-11,Male,Medium,7,"59500 Gray Islands
West Jacob, VA 72620"
260,Nathan,Gardner,imcclain@example.org,2002-07-08,Male,High,9,"41682 Candice Prairie
Port Charleston, LA 51416"
261,Kevin,Campbell,jeffrey67@example.org,1977-03-24,Other,Medium,4,"562 Townsend Isle
Paynebury, OH 77771"
262,Sean,Brewer,pauldavis@example.com,1991-05-09,Female,Low,8,"42813 Brenda Club Suite 050
Weavertown, PR 02830"
263,Francisco,Figueroa,nicole66@example.com,1994-07-13,Female,Medium,3,"USS Anderson
FPO AP 60419"
264,Eric,Moreno,kristina77@example.com,1993-05-07,Male,High,8,"28814 Stephen Rue
Campbellton, PR 92896"
265,Michael,Parker,pvillegas@example.net,1988-02-26,Female,High,9,"6246 Kayla Mountain
West Carolborough, OH 60724"
266,Emily,Ramos,hwise@example.org,1979-07-16,Female,Low,1,"USNS Kennedy
FPO AP 89375"
267,Benjamin,Young,nwood@example.com,2003-01-16,Other,High,1,"415 Billy Locks Suite 202
Adrianland, NE 46914"
268,Becky,Murray,kimberlygonzalez@example.org,1990-05-14,Female,High,9,"731 Butler Wall
Port Nathaniel, KS 28935"
269,Richard,Hoffman,hritter@example.net,1991-04-05,Male,Medium,10,"78554 Price Prairie Suite 041
South John, VI 50145"
270,Cindy,Morgan,omartaylor@example.org,1999-09-19,Other,Low,4,"6692 Richardson Hill
Kellyberg, MO 11663"
271,Gerald,Baker,nhurst@example.org,1990-03-31,Other,High,7,"301 Bradley Turnpike
Latashafort, MH 77679"
272,Emily,Guzman,huangbrandon@example.org,1998-04-13,Other,Low,8,"94394 Alice Summit
New Aaron, SC 19765"
273,Samantha,Martinez,tlewis@example.org,1989-07-10,Female,Medium,10,"39918 Duncan Dale
North Jeffreyport, GA 47977"
274,Christina,Reyes,jeffrey66@example.com,2002-11-19,Female,High,3,"4741 Dunn Camp Apt. 968
New James, NC 66520"
275,Stephanie,Wong,gnoble@example.net,2002-07-12,Male,High,9,"1551 Kimberly Trafficway Suite 695
New Aaron, IN 03683"
276,Omar,Wilson,iboyd@example.com,1972-01-28,Female,High,6,"8837 Roberts Crossroad Suite 026
Lake Ryanmouth, NE 33111"
277,Andrew,Jones,barrettcrystal@example.org,2003-02-18,Female,Medium,3,"77343 David Bridge
Bryanstad, IL 53487"
278,Michael,Lopez,nmartinez@example.net,1986-10-10,Male,High,1,"9029 Michele Trafficway
Christopherbury, VI 31467"
279,Robert,Brown,janice86@example.org,1995-06-21,Other,High,3,"2089 Christensen Station
Richardberg, SD 08194"
280,Danny,Russell,porterrebecca@example.com,1995-11-02,Other,High,10,"311 Thomas Canyon
Jenniferburgh, TX 45698"
281,Zachary,Valdez,michael33@example.org,1996-04-14,Male,High,9,"7596 Melanie Mountain Apt. 342
West Stephanie, MS 95505"
282,David,Kent,ohernandez@example.net,1998-07-12,Female,Medium,8,"274 Oneill Courts Apt. 171
Villafort, OH 59665"
283,Michael,Ballard,gmorales@example.net,1983-09-17,Male,High,6,"033 Smith Key Apt. 416
South Lisa, IL 00816"
284,Timothy,Benitez,lisagoodman@example.com,1991-03-18,Male,Low,4,"59754 Moore Unions
Scottside, NY 71863"
285,Brandon,Clay,brittanybonilla@example.org,1994-03-14,Male,Low,2,"802 Johnny Haven
East Joelburgh, VI 42119"
286,John,Johnson,zkline@example.com,1988-03-22,Female,Medium,2,"072 Jeremy Junction
West John, MS 62811"
287,Andrea,Carson,allen38@example.net,1979-08-07,Male,Medium,2,"4413 Rodriguez Row Apt. 300
Bishopborough, NY 49109"
288,Tammy,Johnston,hshields@example.com,1980-06-18,Male,Medium,2,"911 Emily Ranch Suite 914
Jorgeland, FL 11222"
289,Robert,Powell,lmorrison@example.org,1981-11-09,Female,Medium,2,"218 Lewis Flats
Chapmanland, NC 68822"
290,Mitchell,Hill,peterramos@example.org,1979-01-21,Female,Medium,6,"8399 Melissa Grove
East Ericmouth, AK 25361"
291,Mary,Patterson,erinharper@example.net,2004-05-19,Male,High,7,"369 Anna Lock Suite 933
North Kyleshire, WI 53756"
292,Elizabeth,Harvey,chambersjennifer@example.org,2000-06-03,Male,Medium,9,"28309 Paul Forks Apt. 168
Lake Nicole, IA 10803"
293,Deanna,Duncan,omiles@example.net,1992-01-16,Male,High,8,"736 Gonzales Circles
Damonchester, CO 27177"
294,Emily,Brown,davidbell@example.org,1990-10-22,Male,Low,3,"7942 French Summit Suite 711
Lake Loriton, AZ 27791"
295,Derek,Castro,davidsontasha@example.net,1985-11-16,Other,Medium,10,"43861 Wallace Keys Apt. 501
Kanefort, NY 69512"
296,Daniel,Holmes,utaylor@example.org,1988-10-26,Male,Low,4,"89180 Alicia Vista
Port Laurahaven, IN 08893"
297,Wayne,Roberts,smithveronica@example.com,1984-06-05,Male,High,10,"95736 Timothy Valleys
Ortegamouth, GA 73837"
298,Andrea,Mcdonald,shelia61@example.com,1998-11-23,Male,Medium,1,"2092 Murphy Rapid Suite 064
North Maryside, DC 24494"
299,Jeffrey,Reed,nicholascross@example.com,1995-04-28,Male,Medium,9,"3818 Mclaughlin Harbor
New Jessica, WI 11666"
300,Adam,Christensen,kathryn79@example.org,1988-06-05,Other,Low,4,"447 Lane Crossroad Apt. 849
Lake Melissa, VA 80149"
301,Kimberly,Oliver,daniel41@example.com,1999-04-13,Male,Medium,7,"8494 Bethany Estate Apt. 482
North Lisaborough, VI 72693"
302,Brandon,Smith,hunteramy@example.net,1996-05-31,Other,Medium,5,"66042 Carrillo Trafficway
Edwardborough, SC 37411"
303,Debbie,Hill,herreralauren@example.org,1973-02-06,Male,High,5,"3093 Susan Court Apt. 383
South Kyleton, MA 49128"
304,Karen,Powers,victoria44@example.org,1976-01-09,Female,High,5,"69237 Beltran Rapid
Evanborough, TX 94437"
305,Sarah,Tucker,danielblack@example.net,1998-03-08,Other,Medium,5,"9968 Bobby Burg Apt. 531
Port Angela, AZ 87879"
306,Craig,Miller,gcortez@example.com,2003-07-15,Male,Low,8,"884 Caroline Ports
Tracybury, TN 52843"
307,Joan,White,mcarpenter@example.org,1980-11-23,Male,Medium,6,"7506 Sarah Fords
Charlesshire, KY 95220"
308,Jennifer,Nicholson,harryjohnson@example.org,2000-01-30,Other,Medium,4,"USNS Hoffman
FPO AP 34322"
309,Christina,Ward,gina11@example.net,1996-03-17,Other,Medium,4,"086 Deborah Radial Apt. 741
North Davidville, WA 45871"
310,Joshua,White,avilanatalie@example.org,2000-03-10,Male,Low,9,"PSC 6646, Box 6604
APO AA 74782"
311,Amber,Coleman,cainantonio@example.com,1987-07-22,Other,Medium,4,"88699 Ashley Branch Suite 027
Meredithside, AZ 10452"
312,Jeffrey,Lewis,ycole@example.com,1974-09-27,Male,Medium,2,"83265 Petty Glens
Greenborough, MI 17785"
313,Paige,Lee,cameron96@example.com,2002-01-23,Female,Medium,4,"8190 Curtis Viaduct Apt. 090
East Charleschester, FL 05750"
314,Michael,Trujillo,ipratt@example.net,1994-10-13,Other,Medium,1,"USNS Simpson
FPO AE 18762"
315,William,Moore,schmidtchristy@example.org,1990-10-13,Female,Medium,6,"20164 Jeremy Groves
Mosesshire, CA 08586"
316,Lori,Mejia,emily42@example.com,1983-04-12,Female,Medium,10,"67454 Denise Flats
Spencertown, PW 66012"
317,Randy,Murphy,jeffrey27@example.com,1990-01-06,Male,Medium,10,"95977 Jessica Plaza
Tiffanyburgh, OH 77061"
318,Peter,Coffey,orodriguez@example.com,2003-08-09,Other,Low,5,"9609 Nancy Valleys Suite 055
North Eric, ND 46366"
319,Ryan,Smith,matthew29@example.net,1981-12-28,Male,Low,10,"1568 Hicks Valley
East Sarahview, WV 19985"
320,Kimberly,Murphy,francisco15@example.org,1985-07-05,Male,Medium,1,"66359 Melanie Ranch
Saraborough, VT 31412"
321,Todd,Alvarado,renee00@example.com,1972-08-26,Male,High,3,"40574 Sheri Forest
New Jennifer, NE 34782"
322,Kimberly,Howard,qsherman@example.org,1999-03-06,Other,Medium,8,"15234 Hall Haven
Jonesborough, AS 10039"
323,Desiree,Grant,scottestrada@example.org,1984-05-01,Female,High,7,"300 Mills Parks
Williamshire, NY 01788"
324,Noah,James,toddwilson@example.com,1995-07-26,Female,High,8,"051 Miller Inlet
New Matthewtown, MS 09554"
325,Michael,Johnson,etyler@example.net,1995-03-05,Male,Medium,9,"738 Steele Oval Suite 339
Zacharymouth, ME 77553"
326,Michael,Moore,dawnvasquez@example.org,1992-01-02,Female,Medium,8,"4082 Olivia Canyon
Pennychester, FM 56419"
327,Patricia,Young,michael53@example.net,1993-07-14,Male,Medium,7,"713 Kaufman Mission
Archerhaven, FM 86243"
328,Steve,Hamilton,fclarke@example.org,1970-09-05,Female,Low,6,"2008 Morgan Wells Suite 019
Lake Jill, GU 31732"
329,Eric,Arnold,russomatthew@example.org,1989-04-07,Other,Low,4,"0086 Elizabeth Route Suite 691
Lake Jonathonstad, CA 48588"
330,Benjamin,Elliott,ellen26@example.org,1997-03-23,Male,High,1,"306 Brewer Ville Apt. 493
Rileyburgh, TN 66525"
331,Lisa,Choi,eugene02@example.net,1971-06-21,Male,Medium,6,"72586 Brian Place Apt. 930
Royborough, MA 23293"
332,Stephanie,Estes,shelly74@example.com,1979-03-28,Male,High,10,"5936 Hailey Lane
North Johnburgh, DE 73518"
333,Meghan,Park,mike51@example.net,1995-04-06,Male,High,2,"501 Robinson Spring
Tateton, CA 13180"
334,Vincent,Santos,friedmanmegan@example.org,1980-10-04,Other,Medium,7,"3248 Richard Plaza
Rebeccaton, ND 81857"
335,Sheila,Carpenter,riosluis@example.net,1973-11-03,Other,Medium,10,"33685 Freeman Center Suite 770
New Danielleside, IL 55099"
336,Monica,Parker,nicholasberger@example.org,1971-04-16,Other,Low,3,"3538 Lisa Streets Apt. 564
North Daniel, UT 81502"
337,John,Harris,rachel26@example.net,2002-07-02,Female,High,10,"7077 Adams Circles
Philliptown, TN 90727"
338,Charles,Mayo,erik56@example.com,1991-09-25,Female,High,1,"32481 Johnson Plain
Charlesport, PA 66885"
339,Kelli,Carlson,schroederedward@example.org,2001-06-04,Male,High,5,"3832 Newman Station Apt. 438
Jenniferhaven, ID 99821"
340,Zachary,Daugherty,garciajeffrey@example.net,1995-01-21,Other,High,5,"174 Michele Island Apt. 292
Fishermouth, FM 03152"
341,Michael,Roman,zclark@example.net,1976-03-07,Male,High,9,"91694 Troy Crescent
New James, CO 58497"
342,Veronica,Morrison,lwhite@example.com,1980-06-27,Female,Low,3,"5780 Phelps Key
West Carl, MN 46798"
343,James,Baker,devonmcclain@example.net,2001-09-15,Male,High,10,"682 Norris Avenue
New Matthewburgh, MS 55661"
344,Lori,Lane,john93@example.org,1999-06-27,Male,High,9,"9901 Buck Underpass
West Sandrafort, NJ 01406"
345,Jay,Williams,cannonrichard@example.org,1985-01-11,Female,Medium,3,"17581 Sara Ridges Apt. 790
Wintersmouth, MI 44929"
346,Cheryl,Saunders,faiththompson@example.com,2004-08-09,Female,High,5,"04043 Flores Neck Apt. 255
Penaside, MI 81222"
347,Russell,Gibson,ayalacorey@example.org,1997-08-25,Other,High,2,"5520 Charles Fort
Nathanfurt, AZ 96752"
348,Katherine,Cantu,nford@example.org,1992-09-15,Male,High,2,"0964 Richard Alley Apt. 438
Martinstad, KS 63629"
349,Miranda,Hanson,ywheeler@example.org,1972-04-15,Female,High,7,"7595 Stephanie Station Suite 167
Delgadoside, ME 32481"
350,Eric,Flores,emilymeyer@example.net,1971-06-24,Female,Low,2,"01025 Kelli Fork Suite 689
Alanburgh, AS 73356"
351,Ryan,Morrison,fmurphy@example.net,2004-10-28,Other,Low,6,"Unit 2769 Box 6462
DPO AP 00820"
352,Cassandra,Carlson,morgangonzales@example.org,2002-04-03,Other,High,4,"2110 Cynthia Station Suite 989
Lake Calebstad, IN 59396"
353,Kenneth,Robinson,erica43@example.com,2003-12-03,Male,Medium,4,"USNS Alvarez
FPO AP 98988"
354,Mitchell,Edwards,rachael86@example.com,1978-05-05,Male,Low,5,"89107 Karl Street Suite 806
West Tinaside, MO 03080"
355,Autumn,Cummings,marcogonzales@example.net,1988-06-22,Other,High,8,"2450 Jane Locks Apt. 461
South Trevorview, TN 40166"
356,Craig,Steele,xsilva@example.net,1976-05-17,Male,Low,3,"437 Heath Summit
Port Robert, MP 99937"
357,Michael,White,stephen53@example.org,1974-10-19,Female,Low,1,"7297 Huff Way
East Jacob, MA 92446"
358,Derrick,White,karen85@example.net,1982-06-21,Male,Medium,4,"USS Barrera
FPO AE 44320"
359,James,Johnson,bryanlloyd@example.net,1993-08-14,Male,Low,5,"78593 Rivera Plaza Suite 511
South Rachaeltown, OR 67530"
360,Traci,Sullivan,mpowell@example.org,1987-09-28,Female,Medium,6,"146 Sanchez Mission Apt. 255
Bryantland, NE 83598"
361,Karen,Goodman,abigail43@example.org,1975-01-09,Female,Medium,4,"82407 John Mall Suite 144
North Robertmouth, WV 53197"
362,Jasmine,Collins,garciagregory@example.com,1998-09-05,Other,Low,10,"948 Ernest Freeway
East Dianefort, AZ 57207"
363,Tyler,Thomas,scollins@example.com,1980-02-06,Male,Medium,5,"50079 Smith Meadows
Singhmouth, AS 90171"
364,Joseph,Bass,xbanks@example.com,1979-05-18,Other,High,4,"198 Scott Tunnel
Thomashaven, SD 56495"
365,Holly,Ramsey,palmerbrenda@example.org,2004-01-08,Female,High,2,"26376 Glen Island
West Heiditon, IL 21209"
366,Rachel,Morales,amyhuber@example.com,1996-07-16,Other,Low,10,"PSC 9740, Box 1002
APO AP 67151"
367,Kimberly,Pruitt,melanie33@example.org,1980-01-02,Other,Low,7,"666 George Corner Suite 617
Port Edgar, ME 89265"
368,Robert,Chen,wmontgomery@example.org,1993-03-24,Female,Low,10,"6250 Kerr Estates
Lake Warrenton, IN 98808"
369,Justin,Brown,tara63@example.org,1997-05-29,Female,Low,4,"214 Serrano Wells Apt. 833
South Christine, ME 10788"
370,Matthew,Compton,haroldcarlson@example.net,2002-06-20,Female,Medium,6,"5360 Richard Branch
Lake Michelleview, MA 29106"
371,David,Pierce,rocharobert@example.net,1971-12-11,Male,Low,10,"PSC 4276, Box 3889
APO AE 74138"
372,Kelly,Lewis,erodriguez@example.net,1995-01-18,Male,High,9,"Unit 8443 Box 7921
DPO AE 49685"
373,Erica,Clarke,carlsonshawn@example.net,1973-09-17,Male,Low,2,"237 Shannon Forest Suite 523
South Emily, VA 63408"
374,Vanessa,Garcia,angel78@example.com,1978-11-26,Female,Medium,10,"8190 Steven Cliff Suite 414
South Ethanchester, MI 94655"
375,Wesley,Santana,marcuscastillo@example.com,1986-05-09,Other,Low,1,"314 Daniel Turnpike Apt. 613
East Tonyfort, SD 80358"
376,Shaun,Diaz,timothy11@example.com,1971-11-06,Female,Low,10,"953 Vaughn Mission Apt. 864
Yolandafort, IL 61056"
377,Douglas,Guzman,kwilliams@example.net,1992-05-06,Female,Low,7,"6466 Allen Ports
Danielstad, SC 08414"
378,Barry,Clark,benjaminstevens@example.net,1996-05-29,Female,Medium,1,"5478 Thomas Summit Apt. 707
Palmermouth, PW 57459"
379,Alexander,Hall,austinmorrison@example.net,2004-09-11,Other,Medium,6,"18934 Justin Stravenue Apt. 540
New Heatherfort, ID 70126"
380,William,Hensley,valerie59@example.net,1993-01-26,Male,Medium,2,"90074 Mejia Keys Apt. 854
South Shawnshire, NJ 93818"
381,David,Williams,lucasdecker@example.net,1976-12-27,Female,Low,3,"98012 Daniels Prairie
West Kylieville, VT 92270"
382,Frank,Cross,christophergibbs@example.com,1994-02-01,Other,Medium,4,"95340 Amanda Stream
Rickport, AK 29015"
383,Timothy,Carson,jmaxwell@example.net,1982-04-30,Other,Low,9,"3434 Thomas Center
Freemanport, VT 73677"
384,Gary,Monroe,littlegeorge@example.com,2002-01-28,Other,Medium,1,"293 Lindsey Stream
West Crystalmouth, PA 67280"
385,Megan,Jones,jamesmurphy@example.net,1983-07-09,Female,High,1,"7299 Vicki Hill
East Nathanmouth, MN 72623"
386,Steve,Smith,murrayshelly@example.org,1983-02-01,Other,Medium,7,"Unit 5650 Box 3846
DPO AE 23681"
387,Sara,Watkins,qmoore@example.net,1980-09-07,Female,Low,10,"9762 Matthew Field Apt. 085
Charlesborough, NC 83594"
388,Cheyenne,Wang,murraylinda@example.org,1981-05-08,Male,Low,4,"62362 Maria Park Apt. 372
Christopherfurt, PW 36044"
389,Joel,Diaz,lwaters@example.org,2001-11-21,Male,Low,3,"083 Brandon Lights Suite 917
Tanyashire, MO 45380"
390,David,Frank,claudia01@example.net,1983-09-08,Other,Medium,2,"936 Sara Rest
Avilaburgh, MP 81510"
391,Patricia,Harris,fieldsjason@example.com,1998-05-29,Male,High,9,"95517 Marshall Path Suite 635
East Amandahaven, FM 41902"
392,Kelly,Cole,frivera@example.com,1980-06-30,Other,Medium,10,"998 Peter Glen
Sheltonfurt, IL 46822"
393,Ivan,Marshall,hortiz@example.net,1986-04-28,Male,Medium,5,"62060 Singh Ways Apt. 005
Sabrinaport, NY 08585"
394,Rebecca,Acevedo,gomezelizabeth@example.org,1994-11-25,Male,Low,9,"89230 Christy Radial
Garciaburgh, HI 72438"
395,Mallory,Hobbs,mendozakelly@example.com,1975-09-25,Male,Low,3,"93543 Rita Square Suite 869
Lake Angelicafurt, ND 36004"
396,Todd,Brown,pporter@example.net,2002-01-28,Female,Low,5,"036 Lisa Hill Suite 280
Port Barbarastad, VT 25713"
397,Daniel,Armstrong,zrodriguez@example.org,1993-11-15,Female,High,7,"975 Davis Camp
Tracychester, FL 10349"
398,Edward,Rodriguez,williamcobb@example.org,1986-06-26,Female,Low,1,"1838 Brett Path
Krystalberg, IL 27926"
399,Tonya,Clark,laurengross@example.net,1997-11-18,Male,Low,4,"676 Hart Spring Suite 325
Lyonsstad, AR 13509"
400,Bradley,Baker,saraparks@example.org,1970-10-25,Other,Low,6,"01723 Mejia Curve Suite 296
East Jessicaside, ID 53785"
401,Karina,Tucker,vstephens@example.com,1991-08-15,Other,High,9,"Unit 5048 Box 6313
DPO AE 01177"
402,Maria,Baker,todd92@example.org,1971-05-14,Male,Medium,4,"40702 Turner Isle
Thomasburgh, KS 72723"
403,Lee,Smith,fadams@example.net,1971-04-23,Other,Low,6,"504 Mcdonald Corners Suite 030
Medinamouth, HI 68065"
404,Mark,Mendez,taylor11@example.net,1985-09-27,Female,Low,9,"605 Kim Glen Apt. 449
Adamshaven, WV 80996"
405,Patrick,Morrison,hicksdebra@example.com,1980-05-25,Other,High,2,"5911 Patrick Ridges Apt. 237
Patriciabury, OH 09406"
406,Anna,Pitts,qgonzalez@example.net,1990-05-24,Other,Medium,10,"952 Fisher Village Suite 586
Kathrynfurt, MI 96109"
407,Brittany,Garcia,cruzbryan@example.com,1988-08-22,Male,Low,8,"7423 Sanders Flat
Port Vanessa, AK 56567"
408,Jennifer,Frank,xwiggins@example.com,1977-11-18,Male,High,9,"USCGC Sawyer
FPO AE 54554"
409,Tyler,Leonard,osmith@example.net,2002-09-27,Female,Medium,2,"2324 Connie Falls
East Loriside, AZ 91890"
410,Mallory,Murphy,terryjohnson@example.org,1999-01-02,Male,High,4,"7001 Amanda Cape
Rivasfort, AS 48001"
411,Patty,Martinez,jonburton@example.net,1990-07-03,Other,Medium,2,"61778 Jeffrey Trail Apt. 743
Malonefurt, FM 77946"
412,Earl,Roberts,gmoore@example.org,1980-03-22,Male,Low,6,"4590 Bush Route
South Katie, OH 47004"
413,Courtney,Moore,mariajones@example.net,1996-02-08,Female,High,6,"367 Hunter Crossing Apt. 978
Tinaville, DE 05904"
414,Rodney,Novak,valerie02@example.com,1972-11-13,Female,High,5,"USCGC Yang
FPO AP 14432"
415,Robert,Moon,npreston@example.net,1992-04-09,Female,Low,4,"6420 Herrera Squares
Beverlymouth, HI 73600"
416,Debbie,Harrison,gailmedina@example.com,1973-06-29,Female,Medium,2,"85517 Wayne Freeway Apt. 198
Lake Christina, WI 37913"
417,Andrew,Long,rileymedina@example.org,1974-07-27,Male,Medium,9,"55347 Gonzalez Union Apt. 583
Micheleport, AS 75814"
418,Alicia,Diaz,theresabaker@example.net,1978-03-21,Other,Medium,10,"5090 Allison Lodge
Newmanstad, LA 77141"
419,Kathy,Garcia,walterstodd@example.com,1979-06-25,Other,Low,10,"409 David Lake
North Michaelstad, HI 69846"
420,Courtney,Hensley,robertmiller@example.com,1999-01-12,Male,Medium,6,"Unit 7726 Box 0568
DPO AE 08598"
421,Annette,Kane,heathersolis@example.net,1988-03-16,Female,Low,4,"39619 Clark Ports
Patrickton, MD 66197"
422,Andrea,Smith,byrdoscar@example.net,1992-11-07,Female,Medium,8,"62449 Turner Course
Wardside, VT 11638"
423,Angela,Green,wcohen@example.net,1993-08-14,Female,High,10,"4265 Raven Locks
Brianborough, MO 40372"
424,Joseph,Mcconnell,smithsandra@example.net,1995-11-27,Other,Medium,7,"353 Parsons Mission
North Virginiafort, NH 14667"
425,Janet,Johnson,molinacraig@example.com,1973-02-28,Male,Low,6,"32459 David Plains Suite 530
Dianeland, VA 03446"
426,Kathleen,Mccoy,ochoascott@example.com,1990-04-08,Male,High,9,"1870 Lawson Overpass Apt. 898
West Thomasmouth, ID 97637"
427,Denise,Duncan,jamesblack@example.com,2004-10-08,Female,High,8,"USNV Reynolds
FPO AE 63044"
428,Tammy,Martin,dylan11@example.net,1978-12-24,Other,Low,5,"428 Kimberly Street
New Karen, VT 83370"
429,Chad,Herrera,lorizhang@example.com,1984-02-26,Other,Low,8,"04188 Shannon Drives Apt. 306
Salazarhaven, MT 85779"
430,Craig,Wallace,bradley54@example.net,1998-02-14,Female,High,9,"365 Brian Glens Apt. 887
Wallaceberg, MN 73893"
431,Katelyn,Stewart,qfleming@example.org,2002-10-23,Male,Low,8,"5438 Kevin Centers Suite 424
North Richard, ND 08146"
432,Courtney,Brown,julieschwartz@example.com,1982-08-11,Female,High,9,"56428 Paul Mountain
Cynthiatown, NH 18816"
433,Clinton,Williams,iwalter@example.org,1980-05-18,Male,Low,3,"5115 Amber Junction Suite 816
Lake Jaime, VT 63112"
434,Jenna,Duffy,derrick77@example.org,1987-03-25,Other,High,1,"7519 Peggy Via
Michaelbury, HI 25937"
435,Richard,Vasquez,bennettcarol@example.net,1973-08-13,Female,High,5,"067 Brent Lodge Suite 282
Port Marcus, MA 84510"
436,James,Christian,john88@example.org,1994-12-13,Male,High,8,"29718 Harrington Ports
North Patrickshire, AS 43223"
437,Mark,Foster,millscharles@example.org,1976-10-06,Female,High,8,"61781 Williams Corners Apt. 233
Lake Danielle, NC 39879"
438,Tiffany,Taylor,ynavarro@example.org,1977-06-28,Other,High,1,"69670 Chang Crest
Katherinestad, GU 41410"
439,Zachary,Miles,robert46@example.com,1973-06-25,Female,High,9,"06660 Oliver Ports
Rayton, AR 76261"
440,Mark,Porter,tracy35@example.org,1979-02-16,Male,Low,6,"051 Arnold Manor Suite 142
Barryside, DC 51084"
441,Curtis,Webster,jennifer11@example.org,1999-12-18,Female,Low,4,"141 Steven Stream
Lisaberg, LA 14591"
442,Allen,Harmon,tramirez@example.org,1991-07-09,Female,High,8,"63466 David Parkway
Port Stephen, TN 29833"
443,Andrew,Blanchard,xbarnes@example.net,1991-03-08,Female,Low,2,"469 Christine Crest
Ginatown, MS 64484"
444,Antonio,Mccormick,zacharytaylor@example.com,1998-02-19,Female,Medium,1,"69113 Vargas Cape Apt. 626
Batesstad, DE 77315"
445,Abigail,Smith,pmiller@example.net,1973-11-17,Other,Low,6,"474 Harding Manors Suite 117
Jonesburgh, PW 61927"
446,Michael,Kelly,geraldsaunders@example.com,1987-04-22,Female,Low,1,"209 Marie Tunnel
Jessicaton, IN 00789"
447,Christine,Hopkins,hannahjohnson@example.com,1991-10-17,Other,Medium,5,"0918 Erik Highway
Dicksonside, GU 26147"
448,Jesse,Peters,smithjonathan@example.com,1994-09-16,Female,Low,4,"511 Russell Point Suite 519
North Scottbury, MD 30267"
449,Sarah,Chambers,wellscharles@example.net,2004-05-01,Male,High,6,"8168 May Way
Carolmouth, PW 90263"
450,Mark,Hunter,pamgarza@example.com,1985-02-16,Female,High,7,"PSC 6125, Box 3223
APO AE 63453"
451,Sherry,Ray,hannahconway@example.net,1992-12-19,Female,Low,5,"00294 Rachel Radial
North Dianeport, DE 08559"
452,Austin,Wallace,fvargas@example.net,1986-07-05,Male,Medium,1,"67819 Lindsay Brook Apt. 616
Ortizland, AL 63574"
453,Elizabeth,Martinez,rachelmartinez@example.org,1980-04-25,Female,Medium,1,"23131 Villarreal Orchard Suite 722
North Sherrymouth, NE 06556"
454,Rachel,Garza,rhonda94@example.com,2001-05-16,Female,Medium,5,"88246 Jordan Crossroad
Hillstad, TX 75254"
455,Sean,Salas,parksryan@example.com,1981-01-12,Other,Low,6,"298 Grant Ports
Randolphport, HI 12131"
456,Ryan,Deleon,staylor@example.com,1987-03-02,Other,Low,8,"63259 Adam Plain
Smithmouth, RI 48960"
457,David,Mills,mark76@example.com,1996-07-10,Female,Medium,10,"67480 Christina Turnpike
East Laurenshire, NY 42942"
458,Dennis,Harris,leahmcbride@example.org,1970-09-11,Female,Medium,7,"72305 Kristina Spring Apt. 527
Port Jennifer, MD 27236"
459,Douglas,Shields,janetharper@example.net,1994-01-08,Female,Medium,4,"4165 Jennifer Corners Suite 909
New Jennifermouth, AL 35804"
460,Dana,Fowler,heather66@example.org,1971-01-14,Other,Medium,3,"115 Allen Well
Lake Jaketown, MA 75333"
461,Nicolas,Price,heathermitchell@example.org,1997-03-30,Female,Medium,9,"PSC 2338, Box 3597
APO AE 02077"
462,Ashley,Clark,icrane@example.com,1978-10-19,Female,High,4,"9423 Javier Lights Suite 860
West Elizabethshire, KY 29285"
463,Joanne,Hicks,robertsfrances@example.com,1998-02-06,Male,Medium,8,"9990 Melissa Course
North Angela, ID 35155"
464,Michelle,Stokes,idavis@example.net,1977-08-17,Male,High,3,"39340 Thomas Rapids Suite 726
Jackiestad, WY 48227"
465,Jennifer,Dunn,collinseric@example.org,1987-03-05,Male,Medium,2,"04569 Julian Roads
Williamfurt, FM 82149"
466,Glen,Ray,robertwilliams@example.net,1987-07-27,Male,Medium,4,"USNV Moody
FPO AP 55187"
467,Robert,Trujillo,daniellebaker@example.net,1972-02-09,Female,Medium,3,"216 King Route
Benjaminton, OK 34279"
468,Donald,Bowman,hodgebradley@example.com,2002-12-18,Female,High,8,"57068 Khan Heights
East Jeremychester, MT 87507"
469,Donna,Hunt,davidmurray@example.com,1970-09-10,Other,Low,8,"736 Acosta Parks Apt. 068
East Leeport, CA 37962"
470,Amber,Anderson,millerpedro@example.org,1978-06-09,Other,High,9,"3276 Reynolds Lane Suite 671
Port Ashley, PA 48096"
471,Tiffany,Barron,jamestucker@example.com,1997-11-09,Other,Low,9,"5835 James Loop
East Dianafurt, WI 07156"
472,Craig,Patterson,alvarezadam@example.com,1975-04-07,Other,Medium,6,"9406 Caitlin Land Apt. 909
Brandonfurt, AL 09634"
473,Heather,Morgan,gregoryharrington@example.org,1984-12-05,Other,High,8,"00072 Smith Cove
Port Glennfort, WI 04882"
474,William,Richards,juliemendoza@example.org,1982-01-16,Male,High,6,"8494 Alexandria Plaza
Lake Whitneyton, AK 36877"
475,Alexa,Novak,beckerwilliam@example.net,1997-06-24,Female,Low,9,"8389 Martin Ridge Suite 897
Lake Angela, UT 90365"
476,Jason,Walker,hartmanjill@example.org,1982-03-24,Male,High,7,"6189 Amanda Knolls Suite 981
West Joshua, UT 44068"
477,Jessica,Hendricks,sharondelacruz@example.net,1993-03-20,Female,High,4,"648 Valerie Drive
Flowersburgh, MI 32229"
478,Mariah,Vaughn,whanson@example.org,1978-02-12,Male,High,10,"95722 Kristina Bypass Suite 826
Dominiquebury, SD 31230"
479,Deborah,Taylor,ghughes@example.net,1982-11-29,Female,Medium,4,"026 Jennifer Spur Suite 063
Lake Christine, OK 85151"
480,Lee,Bryant,victoria03@example.com,1983-12-22,Female,Medium,2,"79527 Trevor Cliffs Suite 243
Georgeview, MH 45415"
481,Renee,Jones,hshepherd@example.com,1974-10-07,Other,Medium,5,"PSC 1568, Box 8170
APO AA 86493"
482,David,Gould,jimeneztina@example.org,1980-09-19,Female,Medium,8,"8039 Joseph Fields Apt. 913
New Paulton, MA 23825"
483,Bryan,Johnson,alexander04@example.net,1981-10-25,Female,Low,6,"PSC 8795, Box 8625
APO AA 65205"
484,John,Christian,rojastony@example.net,2001-10-19,Other,High,7,"7860 Mack Mountains
North Gregory, GA 63675"
485,Nancy,Rose,phester@example.org,1992-04-06,Male,Low,7,"46418 Sean Landing Suite 676
Lake Jennifertown, MN 11834"
486,Beth,Larson,simonchristian@example.com,1988-07-06,Male,High,3,"96953 Donald Ways Apt. 435
New Erichaven, DE 72721"
487,Teresa,Ryan,davenportmaria@example.net,1986-11-30,Other,High,8,"10851 Gabriel Coves Suite 970
Lake Katie, OR 26144"
488,Angela,Ayala,hhines@example.net,1996-05-28,Female,Low,2,"247 Maxwell Mountain
South Timothy, MO 50741"
489,Jacob,Lyons,briannacasey@example.com,2003-10-14,Male,Low,8,"83049 Louis Alley Apt. 856
Finleymouth, FL 41512"
490,Nancy,Gomez,clarkrobin@example.org,1982-09-17,Male,High,4,"0907 Victoria Heights Suite 897
Jonestown, SC 53484"
491,Richard,Lee,chelsea75@example.com,1976-10-05,Other,Medium,1,"USNV Cordova
FPO AA 81084"
492,Christina,Smith,smithalan@example.org,1983-04-28,Female,High,7,"5098 Fernandez Well Suite 597
Erikville, NM 01687"
493,Daniel,Roberson,emoreno@example.org,1979-06-24,Female,Medium,10,"19499 Steven Vista
West James, ME 80332"
494,Amanda,Carey,millertamara@example.org,1986-12-13,Male,High,9,"395 Christina Expressway
Snyderview, DE 31627"
495,Mark,Hood,nicholasrichardson@example.net,1999-10-07,Male,Medium,8,"97453 Morrison Walk
Michaelview, VT 12743"
496,Wanda,Mcintosh,sarahgilmore@example.org,1983-10-17,Other,Medium,8,"205 Patel Glen
Lake Louis, AL 84933"
497,Sally,Travis,joseph57@example.com,1973-10-17,Other,High,7,"6954 Jenna Rue
Port Teresabury, MP 27051"
498,Melanie,Huff,jimmy63@example.net,1985-09-18,Other,Low,4,"621 Montoya Field
Wesleymouth, CO 31742"
499,Michelle,Boyer,bflowers@example.com,1983-02-17,Female,Low,8,"44096 Hart Branch
Port Jessica, AR 45492"
500,Jorge,Knapp,rebeccacruz@example.com,1987-03-13,Male,Low,7,"281 Hernandez Street Apt. 113
South Grant, IN 96699"
501,Howard,Jackson,fyoung@example.org,1978-08-16,Male,Low,6,"2928 Adam Streets Apt. 953
Sandrashire, CT 84738"
502,Ashley,Young,lamkristin@example.com,1994-09-30,Female,Medium,3,"17122 Bridges View
New Rachel, ME 64257"
503,Nancy,Dalton,laneandres@example.com,1998-09-27,Male,High,4,"Unit 4106 Box 6562
DPO AE 74288"
504,Suzanne,Shaw,justin65@example.net,1988-07-28,Other,High,7,"502 Thomas Mountain
Jacquelineton, NJ 77023"
505,Christina,Johnston,max54@example.net,1980-11-28,Female,Medium,10,"6584 Donna Mountains Apt. 808
East Courtneyburgh, PA 48418"
506,Christina,Taylor,navarrogarrett@example.org,1971-02-11,Other,High,5,"PSC 4405, Box 8242
APO AE 59727"
507,Melissa,Johnson,tanyaboyd@example.com,1982-07-16,Female,Low,2,"1767 Hall Pike Suite 117
West Curtisfort, TN 56227"
508,Kenneth,Gonzales,fritzjoseph@example.com,1995-01-11,Other,High,6,"52177 Angela Roads
Lake Oliviashire, RI 84697"
509,Robert,Tyler,whitneywebster@example.net,1998-10-03,Other,High,8,"752 Kelly Crossroad Apt. 820
East Michael, UT 43844"
510,Katherine,Brock,michael68@example.net,1993-04-19,Other,Medium,4,"31276 Steven Falls
East Eddieton, GU 67507"
511,Regina,Rollins,obrientracey@example.com,1976-10-08,Male,High,4,"42634 Valerie Cliff
Cassandramouth, SC 60226"
512,Sarah,Meza,xmartinez@example.com,1982-10-31,Male,Low,2,"282 Phelps Glen Suite 243
East Sara, NM 25217"
513,Kendra,Castillo,tbaker@example.com,1976-09-19,Male,Low,1,"Unit 3796 Box 2855
DPO AP 20830"
514,Brian,Ibarra,nlopez@example.org,1975-01-22,Male,Medium,6,"664 Stephanie Rapid
Christopherberg, AZ 18566"
515,Evan,Cervantes,barberfrank@example.org,1997-07-12,Other,Medium,7,"8850 Booth Road Suite 292
Danielmouth, OR 92617"
516,Robert,Johnson,thobbs@example.net,1987-01-04,Female,Low,3,"55231 Campbell Mountain
Lake Robert, AS 38680"
517,Cynthia,Jordan,troydonaldson@example.net,2003-08-09,Other,High,6,"14870 Gross Common Apt. 060
New Malik, IA 75151"
518,Nathaniel,Steele,mendezmichael@example.net,2002-12-22,Male,Medium,1,"28560 Steven Crossing
Troyville, LA 07981"
519,Jessica,Robinson,michaeljones@example.net,1971-04-10,Male,High,4,"813 Smith Stream
Port Tyler, NY 30916"
520,Travis,Randall,abyrd@example.com,1978-05-06,Other,High,2,"4179 Johnson Orchard Apt. 965
Hudsonmouth, GA 95774"
521,Karen,Bautista,gsmith@example.org,1980-09-07,Other,Low,8,"0001 Tammy Shore
South Andrew, SC 87810"
522,Linda,Rubio,gpearson@example.net,1984-05-29,Female,Medium,4,"2209 Melissa Street
West Nicholasland, MH 05065"
523,Jessica,White,michaelwagner@example.net,1994-09-17,Male,High,6,"PSC 6037, Box 6463
APO AA 30452"
524,Riley,Gomez,pcallahan@example.net,1982-02-16,Female,High,8,"31696 John Curve
West Toddland, CT 59826"
525,Clifford,Kelly,evega@example.com,2004-05-30,Male,High,1,"1593 Madden Estate Apt. 404
South Jon, AK 52477"
526,Dustin,Carpenter,mgreen@example.com,1983-09-24,Male,Low,1,"1720 Selena Stream Apt. 198
Piercetown, NJ 01581"
527,Stephanie,Holden,christinayang@example.net,1981-07-13,Male,Low,10,"82139 Taylor Path Apt. 430
Michelleton, FL 51354"
528,Thomas,Hall,jenniferholmes@example.com,1999-05-17,Other,Low,9,"033 John Lakes Suite 496
Torresside, MS 04874"
529,Ruben,Wilson,jcrawford@example.com,2000-04-22,Other,Low,8,"6904 Thomas Tunnel
Walkershire, MP 77639"
530,Alec,Wright,iacosta@example.net,1997-06-08,Female,Medium,6,"4664 Shirley Burgs
North Paula, OR 71025"
531,Michael,Moore,aguilarjon@example.net,1995-04-21,Female,High,9,"84730 Christopher Glen Apt. 989
Floreschester, MI 93308"
532,Robin,Perez,qortiz@example.net,1986-08-15,Female,Low,6,"PSC 6568, Box 9090
APO AE 73756"
533,Kevin,Simmons,sarah60@example.net,1976-12-27,Other,Low,4,"1221 Allen Hills
Connermouth, TX 84797"
534,Jeffrey,Murphy,ryan74@example.com,1989-07-01,Female,Medium,1,"401 Michael Vista
West Jenna, PW 06650"
535,Andre,Escobar,clarkdeanna@example.org,1987-02-08,Other,Low,9,"5662 Williamson Radial Apt. 150
West George, MS 86990"
536,Tara,Gregory,andrewmorgan@example.net,1977-11-12,Male,Low,6,"73492 Anderson Corners Suite 378
East Jamesfurt, SC 20121"
537,Maxwell,Reynolds,michaelmcgrath@example.org,1980-11-27,Female,High,5,"6144 Matthew Squares
Port Nicoleport, DC 83719"
538,Grace,Romero,rreyes@example.net,1993-03-05,Other,Medium,10,"2402 Erik Loop
Seanland, AS 46851"
539,Henry,Moyer,yfrederick@example.org,1979-04-26,Female,Medium,2,"69675 Dustin Falls
Sherriside, ID 27724"
540,Laura,Miller,castillochloe@example.net,1976-05-09,Male,Low,6,"USNV Nash
FPO AE 21698"
541,Janice,Zimmerman,zpeterson@example.org,1992-12-28,Other,Medium,6,"9560 Page Harbor
Rodgerschester, WA 31354"
542,Jason,Bryan,kelly65@example.net,1971-05-21,Female,Low,1,"78684 Vaughn Walks Suite 560
West Andreachester, NJ 08445"
543,Gina,Williams,fwebb@example.org,1996-04-25,Other,Low,6,"6633 Ramirez Mission
New Patricktown, PA 36441"
544,Bryan,Lozano,kellybell@example.net,1998-11-16,Male,High,1,"13700 Kristin Alley Apt. 878
Scottbury, MN 24866"
545,Colleen,Flores,yharris@example.net,1999-08-17,Male,Low,2,"711 Dana Islands Apt. 558
Gonzalezville, TN 35303"
546,Linda,Reese,briansanders@example.net,1986-02-15,Female,Low,3,"395 Lance Cliff
North Shelly, NC 01613"
547,Robert,Olsen,lindsaysmith@example.net,1999-01-30,Male,Medium,9,"69420 Christopher Square Suite 170
New Christopher, MS 49619"
548,Dustin,Owens,khill@example.com,1987-10-11,Female,Low,8,"36009 Love Courts Suite 034
North Christopherview, VI 39797"
549,Peter,Collins,zhoward@example.com,1993-05-25,Male,High,1,"77088 Duane Ranch
Evanmouth, ID 62348"
550,Cameron,Obrien,davidduke@example.net,1984-05-18,Other,Medium,8,"9403 Daniel Plains
Garrisonborough, MN 31459"
551,Matthew,Reyes,nixonbruce@example.net,1990-12-21,Female,High,8,"25043 Sara Falls Apt. 602
East Meghan, LA 77807"
552,Joseph,Clark,elizabethbrown@example.com,1989-04-28,Other,Medium,8,"08717 Klein Plains Suite 095
Hallview, DC 31188"
553,Edward,Carter,mckenziestephanie@example.com,1972-08-24,Other,Medium,5,"8025 Walter Stravenue
Grahamton, WV 21733"
554,Ricardo,Garrett,casey20@example.com,1996-07-01,Female,Low,1,"USS Johnson
FPO AP 49219"
555,Anna,Bell,janetwhite@example.org,1983-07-23,Female,Low,1,"59968 Collin Burgs Apt. 509
New Ambershire, IL 72763"
556,Jasmine,Zhang,patrick02@example.org,1991-03-22,Male,High,10,"36552 Christopher Crossroad Apt. 663
North Timothyland, MT 75312"
557,Catherine,Wilson,carolharrison@example.org,2004-07-30,Female,Medium,9,"773 Ward Hills Suite 063
Mcdonaldborough, KS 02633"
558,Alison,Mathis,douglassandra@example.net,1970-11-19,Male,Medium,7,"46069 Evans Expressway
Parkbury, ND 24610"
559,Marcus,Macias,clarkerica@example.com,2002-09-16,Male,Low,9,"PSC 0644, Box 5655
APO AA 08267"
560,Gwendolyn,Key,sue42@example.com,1980-12-25,Other,High,7,"093 Stephen Landing
West Patricia, WY 36706"
561,Judith,Swanson,rnavarro@example.net,1999-06-19,Female,Low,8,"981 Jordan Pass
Diazburgh, ND 40903"
562,Molly,Brennan,paulgeorge@example.net,1973-02-06,Other,Low,4,"773 Lowery Inlet
Wheelerberg, IN 09211"
563,Eric,Hill,rachel07@example.org,1996-01-19,Female,Medium,9,"712 Nicole Summit
Matthewside, TX 03266"
564,Larry,Thomas,riggspaul@example.net,1989-10-30,Male,Medium,8,"Unit 6241 Box 1005
DPO AA 02745"
565,Sabrina,Jefferson,smithjillian@example.net,1978-07-26,Other,High,2,"494 Watts Mews
Mcneilchester, MN 68281"
566,Jason,Shepard,hectorthompson@example.net,2001-11-21,Male,Medium,9,"174 Gina Port Suite 053
Frankborough, HI 76041"
567,Jennifer,Woods,robin81@example.com,1983-01-09,Male,High,3,"77376 Delacruz Highway
North Jamesborough, IA 24213"
568,James,Young,xhumphrey@example.org,1971-04-06,Male,Medium,4,"6177 Whitney Fort
Moodyview, VT 09317"
569,Allison,Smith,karensullivan@example.com,1999-11-19,Male,High,3,"2132 Alex Plains Apt. 858
Karentown, SD 04113"
570,Lisa,Gibson,maynardkeith@example.net,2002-01-12,Female,Medium,7,"819 Michael Flat
East Justin, LA 30424"
571,Rita,Copeland,jennifer07@example.org,1982-11-27,Other,Medium,4,"611 Ross Lane Apt. 394
East Martinburgh, SC 55764"
572,Joseph,Castaneda,kelly48@example.net,1989-02-03,Other,High,6,"55706 Wilson Plain
Simsburgh, AR 02157"
573,Peter,Wiley,watsondarryl@example.net,1983-11-30,Male,High,9,"PSC 3665, Box 9507
APO AP 38776"
574,Veronica,Galvan,sfreeman@example.com,1974-04-30,Other,Low,1,"07010 Christensen Common Apt. 684
New Lindsaymouth, TX 65814"
575,Anthony,Barrett,xdavis@example.com,1975-04-28,Male,Low,1,"93102 Melody Spur
Jenniferside, HI 45072"
576,Diana,Anderson,wwilliams@example.org,2001-05-10,Other,Low,4,"8266 Diana Junctions
North Joshualand, MS 36384"
577,Katherine,Hunt,justin07@example.net,1985-01-19,Female,High,4,"8213 Wood Run Apt. 072
New Kevinstad, NC 43081"
578,Douglas,Singleton,elliottkimberly@example.org,1977-08-07,Male,Low,1,"674 Choi Ford
Lake Heather, CA 78814"
579,Michael,Moore,catherine70@example.com,2003-11-06,Male,Medium,8,"05806 Lawrence Track
North Kevinmouth, CA 09258"
580,Stacey,Norris,fprice@example.net,1974-06-15,Male,High,2,"7405 Sanders Flat
Justinchester, NV 66183"
581,Mitchell,Hess,sara71@example.org,1987-08-10,Female,Low,2,"80611 Day Circles
Hunterbury, CT 66846"
582,Kevin,Hernandez,warren08@example.net,1987-02-11,Male,Low,4,"6581 Stephanie Brooks Suite 175
Williamfort, MT 96042"
583,Kelly,Jones,richardalvarez@example.net,1998-05-01,Other,Low,4,"522 Garrett Crescent Apt. 588
Shepardtown, KY 14481"
584,Anthony,Jones,alvarezjody@example.net,1976-03-11,Female,High,4,"9868 Amber Cape Suite 259
Myersbury, LA 85977"
585,Christina,Fields,xedwards@example.com,1975-01-16,Other,Low,1,"220 Charles Lakes Apt. 424
Mitchellborough, NH 56008"
586,Keith,Rodriguez,thomas20@example.com,1980-04-02,Other,High,6,"665 Craig Skyway
Brandiland, MH 41748"
587,Gregory,Martin,debra52@example.org,1974-01-23,Male,High,8,"8534 Lisa Passage Suite 989
North Rachel, AR 06206"
588,Wendy,Blackwell,dixonjennifer@example.net,2004-08-20,Other,Low,1,"81266 Frank Spur Suite 219
North Tarahaven, NY 99708"
589,Sarah,Moore,vbennett@example.net,1978-06-12,Male,Low,10,"801 Valentine Flat Suite 810
East Johnville, WY 90022"
590,Patricia,Bryant,kevinsmith@example.org,1985-12-22,Female,Low,3,"12920 Jamie Forks Suite 762
Bonnieport, MH 02059"
591,Ryan,Benson,ricardowilliams@example.com,1997-05-01,Female,High,1,"27214 Elizabeth Point
East Robinburgh, NC 07050"
592,Alex,Campbell,caseymccoy@example.com,1973-09-21,Male,Low,8,"0242 Kimberly Throughway Suite 107
New Kyleberg, RI 78530"
593,Alexandra,Hensley,lopezsara@example.org,1975-07-24,Other,High,8,"5015 James Throughway Apt. 685
Burchland, GA 67402"
594,Laurie,Miller,robert48@example.net,1984-01-01,Other,High,9,"Unit 0434 Box 0441
DPO AE 15237"
595,Sandra,Diaz,marymathews@example.net,2003-08-09,Male,Low,3,"2304 Linda Track
Robertton, MT 66349"
596,Justin,Miller,wlee@example.com,1996-05-18,Other,Medium,7,"4740 Heather Underpass Apt. 767
West Andrew, MH 89162"
597,David,Powell,jordan63@example.com,1973-10-08,Other,Low,5,"72838 David Glen Suite 613
Acostaville, CT 84146"
598,Jose,Andrews,mirandalamb@example.net,1997-10-28,Female,Medium,9,"2579 Todd Fork
Larryfurt, KS 46229"
599,Jennifer,Harrison,jennifercarroll@example.com,1984-01-23,Other,Medium,3,"8797 Steven Ridges
Harveystad, TX 33936"
600,Heather,Mccullough,michaelrogers@example.org,1992-03-15,Female,Low,4,"PSC 9499, Box 9992
APO AE 43052"
